{
  "subjects": [
    {
      "episodes_info": "",
      "rate": "8.9",
      "cover_x": 2025,
      "title": "扎克·施奈德版正义联盟",
      "url": "https:\/\/movie.douban.com\/subject\/35076714\/",
      "playable": false,
      "cover": "https://img9.doubanio.com\/view\/photo\/s_ratio_poster\/public\/p2634360594.webp",
      "id": "35076714",
      "cover_y": 3000,
      "is_new": true
    },
    {
      "episodes_info": "",
      "rate": "5.8",
      "cover_x": 3571,
      "title": "侍神令",
      "url": "https:\/\/movie.douban.com\/subject\/26935283\/",
      "playable": true,
      "cover": "https://img2.doubanio.com\/view\/photo\/s_ratio_poster\/public\/p2629260713.webp",
      "id": "26935283",
      "cover_y": 4990,
      "is_new": false
    },
    {
      "episodes_info": "",
      "rate": "6.7",
      "cover_x": 3957,
      "title": "双层肉排",
      "url": "https:\/\/movie.douban.com\/subject\/35145068\/",
      "playable": false,
      "cover": "https://img1.doubanio.com\/view\/photo\/s_ratio_poster\/public\/p2633977758.webp",
      "id": "35145068",
      "cover_y": 5669,
      "is_new": true
    },
    {
      "episodes_info": "",
      "rate": "6.6",
      "cover_x": 1013,
      "title": "大地",
      "url": "https:\/\/movie.douban.com\/subject\/33433405\/",
      "playable": false,
      "cover": "https://img9.doubanio.com\/view\/photo\/s_ratio_poster\/public\/p2628845704.webp",
      "id": "33433405",
      "cover_y": 1500,
      "is_new": true
    },
    {
      "episodes_info": "",
      "rate": "6.1",
      "cover_x": 2000,
      "title": "租来的朋友",
      "url": "https:\/\/movie.douban.com\/subject\/35167535\/",
      "playable": false,
      "cover": "https://img2.doubanio.com\/view\/photo\/s_ratio_poster\/public\/p2616903233.webp",
      "id": "35167535",
      "cover_y": 3000,
      "is_new": true
    },
    {
      "episodes_info": "",
      "rate": "7.3",
      "cover_x": 4950,
      "title": "寻龙传说",
      "url": "https:\/\/movie.douban.com\/subject\/34804147\/",
      "playable": false,
      "cover": "https://img9.doubanio.com\/view\/photo\/s_ratio_poster\/public\/p2633531206.webp",
      "id": "34804147",
      "cover_y": 6900,
      "is_new": false
    },
    {
      "episodes_info": "",
      "rate": "8.3",
      "cover_x": 2700,
      "title": "无依之地",
      "url": "https:\/\/movie.douban.com\/subject\/30458949\/",
      "playable": false,
      "cover": "https://img1.doubanio.com\/view\/photo\/s_ratio_poster\/public\/p2630453887.webp",
      "id": "30458949",
      "cover_y": 4000,
      "is_new": false
    },
    {
      "episodes_info": "",
      "rate": "8.5",
      "cover_x": 2025,
      "title": "亲爱的同志",
      "url": "https:\/\/movie.douban.com\/subject\/34960094\/",
      "playable": false,
      "cover": "https://img1.doubanio.com\/view\/photo\/s_ratio_poster\/public\/p2630627669.webp",
      "id": "34960094",
      "cover_y": 3000,
      "is_new": false
    },
    {
      "episodes_info": "",
      "rate": "7.9",
      "cover_x": 992,
      "title": "同学麦娜丝",
      "url": "https:\/\/movie.douban.com\/subject\/34902639\/",
      "playable": false,
      "cover": "https://img2.doubanio.com\/view\/photo\/s_ratio_poster\/public\/p2623673142.webp",
      "id": "34902639",
      "cover_y": 1418,
      "is_new": false
    },
    {
      "episodes_info": "",
      "rate": "8.2",
      "cover_x": 5000,
      "title": "打开心世界",
      "url": "https:\/\/movie.douban.com\/subject\/30454679\/",
      "playable": false,
      "cover": "https://img3.doubanio.com\/view\/photo\/s_ratio_poster\/public\/p2632936000.webp",
      "id": "30454679",
      "cover_y": 7071,
      "is_new": false
    },
    {
      "episodes_info": "",
      "rate": "7.0",
      "cover_x": 810,
      "title": "沿路而下",
      "url": "https:\/\/movie.douban.com\/subject\/30456637\/",
      "playable": false,
      "cover": "https://img1.doubanio.com\/view\/photo\/s_ratio_poster\/public\/p2633150167.webp",
      "id": "30456637",
      "cover_y": 1200,
      "is_new": false
    },
    {
      "episodes_info": "",
      "rate": "6.0",
      "cover_x": 1656,
      "title": "发财日记",
      "url": "https:\/\/movie.douban.com\/subject\/27594653\/",
      "playable": true,
      "cover": "https://img3.doubanio.com\/view\/photo\/s_ratio_poster\/public\/p2632091530.webp",
      "id": "27594653",
      "cover_y": 2500,
      "is_new": false
    },
    {
      "episodes_info": "",
      "rate": "8.0",
      "cover_x": 2067,
      "title": "孤味",
      "url": "https:\/\/movie.douban.com\/subject\/34805873\/",
      "playable": false,
      "cover": "https://img3.doubanio.com\/view\/photo\/s_ratio_poster\/public\/p2623646280.webp",
      "id": "34805873",
      "cover_y": 2953,
      "is_new": false
    },
    {
      "episodes_info": "",
      "rate": "7.5",
      "cover_x": 3264,
      "title": "送你一朵小红花",
      "url": "https:\/\/movie.douban.com\/subject\/35096844\/",
      "playable": true,
      "cover": "https://img1.doubanio.com\/view\/photo\/s_ratio_poster\/public\/p2618247457.webp",
      "id": "35096844",
      "cover_y": 4929,
      "is_new": false
    },
    {
      "episodes_info": "",
      "rate": "6.7",
      "cover_x": 5000,
      "title": "许愿神龙",
      "url": "https:\/\/movie.douban.com\/subject\/27662747\/",
      "playable": true,
      "cover": "https://img1.doubanio.com\/view\/photo\/s_ratio_poster\/public\/p2626260539.webp",
      "id": "27662747",
      "cover_y": 7053,
      "is_new": false
    },
    {
      "episodes_info": "",
      "rate": "7.9",
      "cover_x": 6198,
      "title": "吉祥如意",
      "url": "https:\/\/movie.douban.com\/subject\/35068230\/",
      "playable": true,
      "cover": "https://img3.doubanio.com\/view\/photo\/s_ratio_poster\/public\/p2632185061.webp",
      "id": "35068230",
      "cover_y": 8685,
      "is_new": false
    },
    {
      "episodes_info": "",
      "rate": "6.3",
      "cover_x": 2764,
      "title": "神奇女侠1984",
      "url": "https:\/\/movie.douban.com\/subject\/27073752\/",
      "playable": true,
      "cover": "https://img1.doubanio.com\/view\/photo\/s_ratio_poster\/public\/p2626959989.webp",
      "id": "27073752",
      "cover_y": 4096,
      "is_new": false
    },
    {
      "episodes_info": "",
      "rate": "8.6",
      "cover_x": 1500,
      "title": "芝加哥七君子审判",
      "url": "https:\/\/movie.douban.com\/subject\/2609258\/",
      "playable": false,
      "cover": "https://img3.doubanio.com\/view\/photo\/s_ratio_poster\/public\/p2620161520.webp",
      "id": "2609258",
      "cover_y": 2222,
      "is_new": false
    },
    {
      "episodes_info": "",
      "rate": "6.6",
      "cover_x": 2000,
      "title": "谢里",
      "url": "https:\/\/movie.douban.com\/subject\/30310219\/",
      "playable": false,
      "cover": "https://img9.doubanio.com\/view\/photo\/s_ratio_poster\/public\/p2630607784.webp",
      "id": "30310219",
      "cover_y": 3000,
      "is_new": false
    },
    {
      "episodes_info": "",
      "rate": "5.4",
      "cover_x": 4000,
      "title": "猫和老鼠",
      "url": "https:\/\/movie.douban.com\/subject\/3439312\/",
      "playable": false,
      "cover": "https://img3.doubanio.com\/view\/photo\/s_ratio_poster\/public\/p2632043260.webp",
      "id": "3439312",
      "cover_y": 5823,
      "is_new": false
    },
    {
      "episodes_info": "",
      "rate": "7.6",
      "cover_x": 1500,
      "title": "女生要革命",
      "url": "https:\/\/movie.douban.com\/subject\/30465068\/",
      "playable": false,
      "cover": "https://img2.doubanio.com\/view\/photo\/s_ratio_poster\/public\/p2632592932.webp",
      "id": "30465068",
      "cover_y": 2222,
      "is_new": false
    },
    {
      "episodes_info": "",
      "rate": "7.0",
      "cover_x": 2622,
      "title": "缉魂",
      "url": "https:\/\/movie.douban.com\/subject\/34962956\/",
      "playable": true,
      "cover": "https://img3.doubanio.com\/view\/photo\/s_ratio_poster\/public\/p2629413230.webp",
      "id": "34962956",
      "cover_y": 3721,
      "is_new": false
    },
    {
      "episodes_info": "",
      "rate": "7.5",
      "cover_x": 579,
      "title": "较量2",
      "url": "https:\/\/movie.douban.com\/subject\/35310153\/",
      "playable": false,
      "cover": "https://img3.doubanio.com\/view\/photo\/s_ratio_poster\/public\/p2633604200.webp",
      "id": "35310153",
      "cover_y": 873,
      "is_new": false
    },
    {
      "episodes_info": "",
      "rate": "7.7",
      "cover_x": 674,
      "title": "无声",
      "url": "https:\/\/movie.douban.com\/subject\/34850598\/",
      "playable": false,
      "cover": "https://img2.doubanio.com\/view\/photo\/s_ratio_poster\/public\/p2619399682.webp",
      "id": "34850598",
      "cover_y": 960,
      "is_new": false
    },
    {
      "episodes_info": "",
      "rate": "8.8",
      "cover_x": 6611,
      "title": "心灵奇旅",
      "url": "https:\/\/movie.douban.com\/subject\/24733428\/",
      "playable": true,
      "cover": "https://img9.doubanio.com\/view\/photo\/s_ratio_poster\/public\/p2626308994.webp",
      "id": "24733428",
      "cover_y": 9435,
      "is_new": false
    },
    {
      "episodes_info": "",
      "rate": "7.3",
      "cover_x": 1984,
      "title": "里夫金的电影节",
      "url": "https:\/\/movie.douban.com\/subject\/30353869\/",
      "playable": false,
      "cover": "https://img2.doubanio.com\/view\/photo\/s_ratio_poster\/public\/p2619170443.webp",
      "id": "30353869",
      "cover_y": 2835,
      "is_new": false
    },
    {
      "episodes_info": "",
      "rate": "7.5",
      "cover_x": 1000,
      "title": "酒精计划",
      "url": "https:\/\/movie.douban.com\/subject\/30323120\/",
      "playable": false,
      "cover": "https://img9.doubanio.com\/view\/photo\/s_ratio_poster\/public\/p2628440526.webp",
      "id": "30323120",
      "cover_y": 1481,
      "is_new": false
    },
    {
      "episodes_info": "",
      "rate": "8.4",
      "cover_x": 1200,
      "title": "浅田家！",
      "url": "https:\/\/movie.douban.com\/subject\/26958479\/",
      "playable": false,
      "cover": "https://img1.doubanio.com\/view\/photo\/s_ratio_poster\/public\/p2614188527.webp",
      "id": "26958479",
      "cover_y": 1698,
      "is_new": true
    },
    {
      "episodes_info": "",
      "rate": "7.8",
      "cover_x": 2805,
      "title": "一秒钟",
      "url": "https:\/\/movie.douban.com\/subject\/30257787\/",
      "playable": true,
      "cover": "https://img1.doubanio.com\/view\/photo\/s_ratio_poster\/public\/p2628373757.webp",
      "id": "30257787",
      "cover_y": 4134,
      "is_new": false
    },
    {
      "episodes_info": "",
      "rate": "7.9",
      "cover_x": 1080,
      "title": "疯狂原始人2",
      "url": "https:\/\/movie.douban.com\/subject\/24298954\/",
      "playable": true,
      "cover": "https://img9.doubanio.com\/view\/photo\/s_ratio_poster\/public\/p2624607255.webp",
      "id": "24298954",
      "cover_y": 1600,
      "is_new": false
    },
    {
      "episodes_info": "",
      "rate": "7.7",
      "cover_x": 1429,
      "title": "拆弹专家2",
      "url": "https:\/\/movie.douban.com\/subject\/30171424\/",
      "playable": true,
      "cover": "https://img3.doubanio.com\/view\/photo\/s_ratio_poster\/public\/p2621379901.webp",
      "id": "30171424",
      "cover_y": 2000,
      "is_new": false
    },
    {
      "episodes_info": "",
      "rate": "7.7",
      "cover_x": 1500,
      "title": "女人的碎片",
      "url": "https:\/\/movie.douban.com\/subject\/34869387\/",
      "playable": false,
      "cover": "https://img1.doubanio.com\/view\/photo\/s_ratio_poster\/public\/p2625877469.webp",
      "id": "34869387",
      "cover_y": 2222,
      "is_new": false
    },
    {
      "episodes_info": "",
      "rate": "7.3",
      "cover_x": 2764,
      "title": "犹大与黑弥赛亚",
      "url": "https:\/\/movie.douban.com\/subject\/30464264\/",
      "playable": false,
      "cover": "https://img3.doubanio.com\/view\/photo\/s_ratio_poster\/public\/p2620539710.webp",
      "id": "30464264",
      "cover_y": 4096,
      "is_new": false
    },
    {
      "episodes_info": "",
      "rate": "7.7",
      "cover_x": 2160,
      "title": "信条",
      "url": "https:\/\/movie.douban.com\/subject\/30444960\/",
      "playable": true,
      "cover": "https://img9.doubanio.com\/view\/photo\/s_ratio_poster\/public\/p2618403186.webp",
      "id": "30444960",
      "cover_y": 3201,
      "is_new": false
    },
    {
      "episodes_info": "",
      "rate": "7.5",
      "cover_x": 1500,
      "title": "白虎",
      "url": "https:\/\/movie.douban.com\/subject\/34983332\/",
      "playable": false,
      "cover": "https://img9.doubanio.com\/view\/photo\/s_ratio_poster\/public\/p2631140996.webp",
      "id": "34983332",
      "cover_y": 2222,
      "is_new": false
    },
    {
      "episodes_info": "",
      "rate": "7.8",
      "cover_x": 1013,
      "title": "发掘",
      "url": "https:\/\/movie.douban.com\/subject\/25862300\/",
      "playable": false,
      "cover": "https://img3.doubanio.com\/view\/photo\/s_ratio_poster\/public\/p2627529751.webp",
      "id": "25862300",
      "cover_y": 1500,
      "is_new": false
    },
    {
      "episodes_info": "",
      "rate": "8.4",
      "cover_x": 1449,
      "title": "鬼灭之刃 剧场版 无限列车篇",
      "url": "https:\/\/movie.douban.com\/subject\/34845781\/",
      "playable": false,
      "cover": "https://img3.doubanio.com\/view\/photo\/s_ratio_poster\/public\/p2595123270.webp",
      "id": "34845781",
      "cover_y": 2048,
      "is_new": false
    },
    {
      "episodes_info": "",
      "rate": "6.2",
      "cover_x": 3000,
      "title": "紧急救援",
      "url": "https:\/\/movie.douban.com\/subject\/26342391\/",
      "playable": true,
      "cover": "https://img9.doubanio.com\/view\/photo\/s_ratio_poster\/public\/p2627025706.webp",
      "id": "26342391",
      "cover_y": 4200,
      "is_new": false
    },
    {
      "episodes_info": "",
      "rate": "7.5",
      "cover_x": 673,
      "title": "亲爱的房客",
      "url": "https:\/\/movie.douban.com\/subject\/35069520\/",
      "playable": false,
      "cover": "https://img1.doubanio.com\/view\/photo\/s_ratio_poster\/public\/p2617989427.webp",
      "id": "35069520",
      "cover_y": 960,
      "is_new": false
    },
    {
      "episodes_info": "",
      "rate": "6.3",
      "cover_x": 1500,
      "title": "我很在乎",
      "url": "https:\/\/movie.douban.com\/subject\/30482481\/",
      "playable": false,
      "cover": "https://img3.doubanio.com\/view\/photo\/s_ratio_poster\/public\/p2630607691.webp",
      "id": "30482481",
      "cover_y": 2222,
      "is_new": false
    },
    {
      "episodes_info": "",
      "rate": "7.4",
      "cover_x": 1500,
      "title": "曼克",
      "url": "https:\/\/movie.douban.com\/subject\/34461705\/",
      "playable": false,
      "cover": "https://img9.doubanio.com\/view\/photo\/s_ratio_poster\/public\/p2623412955.webp",
      "id": "34461705",
      "cover_y": 2222,
      "is_new": false
    },
    {
      "episodes_info": "",
      "rate": "7.3",
      "cover_x": 640,
      "title": "无声",
      "url": "https:\/\/movie.douban.com\/subject\/33591810\/",
      "playable": false,
      "cover": "https://img1.doubanio.com\/view\/photo\/s_ratio_poster\/public\/p2621016058.webp",
      "id": "33591810",
      "cover_y": 915,
      "is_new": false
    },
    {
      "episodes_info": "",
      "rate": "7.3",
      "cover_x": 1944,
      "title": "760号犯人",
      "url": "https:\/\/movie.douban.com\/subject\/26996524\/",
      "playable": false,
      "cover": "https://img3.doubanio.com\/view\/photo\/s_ratio_poster\/public\/p2627392971.webp",
      "id": "26996524",
      "cover_y": 2880,
      "is_new": false
    },
    {
      "episodes_info": "",
      "rate": "7.2",
      "cover_x": 848,
      "title": "海边的异邦人",
      "url": "https:\/\/movie.douban.com\/subject\/34869495\/",
      "playable": false,
      "cover": "https://img3.doubanio.com\/view\/photo\/s_ratio_poster\/public\/p2616484920.webp",
      "id": "34869495",
      "cover_y": 1200,
      "is_new": false
    },
    {
      "episodes_info": "",
      "rate": "8.0",
      "cover_x": 8100,
      "title": "玫瑰岛的不可思议的历史",
      "url": "https:\/\/movie.douban.com\/subject\/34982759\/",
      "playable": false,
      "cover": "https://img9.doubanio.com\/view\/photo\/s_ratio_poster\/public\/p2624341545.webp",
      "id": "34982759",
      "cover_y": 12000,
      "is_new": false
    },
    {
      "episodes_info": "",
      "rate": "7.3",
      "cover_x": 4000,
      "title": "夺冠",
      "url": "https:\/\/movie.douban.com\/subject\/30128916\/",
      "playable": true,
      "cover": "https://img2.doubanio.com\/view\/photo\/s_ratio_poster\/public\/p2620083313.webp",
      "id": "30128916",
      "cover_y": 5587,
      "is_new": false
    },
    {
      "episodes_info": "",
      "rate": "7.6",
      "cover_x": 2000,
      "title": "八佰",
      "url": "https:\/\/movie.douban.com\/subject\/26754233\/",
      "playable": true,
      "cover": "https://img9.doubanio.com\/view\/photo\/s_ratio_poster\/public\/p2615992304.webp",
      "id": "26754233",
      "cover_y": 2800,
      "is_new": false
    },
    {
      "episodes_info": "",
      "rate": "7.6",
      "cover_x": 1500,
      "title": "电话",
      "url": "https:\/\/movie.douban.com\/subject\/30346025\/",
      "playable": false,
      "cover": "https://img1.doubanio.com\/view\/photo\/s_ratio_poster\/public\/p2625879789.webp",
      "id": "30346025",
      "cover_y": 2172,
      "is_new": false
    },
    {
      "episodes_info": "",
      "rate": "7.3",
      "cover_x": 5906,
      "title": "我和我的家乡",
      "url": "https:\/\/movie.douban.com\/subject\/35051512\/",
      "playable": true,
      "cover": "https://img2.doubanio.com\/view\/photo\/s_ratio_poster\/public\/p2620453443.webp",
      "id": "35051512",
      "cover_y": 8268,
      "is_new": false
    },
    {
      "episodes_info": "",
      "rate": "7.1",
      "cover_x": 1280,
      "title": "菊石",
      "url": "https:\/\/movie.douban.com\/subject\/30403683\/",
      "playable": false,
      "cover": "https://img9.doubanio.com\/view\/photo\/s_ratio_poster\/public\/p2631726396.webp",
      "id": "30403683",
      "cover_y": 1920,
      "is_new": false
    },
    {
      "episodes_info": "",
      "rate": "6.9",
      "cover_x": 707,
      "title": "新秩序",
      "url": "https:\/\/movie.douban.com\/subject\/30397916\/",
      "playable": false,
      "cover": "https://img1.doubanio.com\/view\/photo\/s_ratio_poster\/public\/p2621425697.webp",
      "id": "30397916",
      "cover_y": 1001,
      "is_new": false
    },
    {
      "episodes_info": "",
      "rate": "5.5",
      "cover_x": 2953,
      "title": "温暖的抱抱",
      "url": "https:\/\/movie.douban.com\/subject\/34869362\/",
      "playable": true,
      "cover": "https://img2.doubanio.com\/view\/photo\/s_ratio_poster\/public\/p2618446242.webp",
      "id": "34869362",
      "cover_y": 4134,
      "is_new": false
    },
    {
      "episodes_info": "",
      "rate": "7.1",
      "cover_x": 2025,
      "title": "世界新闻",
      "url": "https:\/\/movie.douban.com\/subject\/27042738\/",
      "playable": false,
      "cover": "https://img1.doubanio.com\/view\/photo\/s_ratio_poster\/public\/p2623549939.webp",
      "id": "27042738",
      "cover_y": 3000,
      "is_new": false
    },
    {
      "episodes_info": "",
      "rate": "6.8",
      "cover_x": 750,
      "title": "线",
      "url": "https:\/\/movie.douban.com\/subject\/34281687\/",
      "playable": false,
      "cover": "https://img3.doubanio.com\/view\/photo\/s_ratio_poster\/public\/p2611735341.webp",
      "id": "34281687",
      "cover_y": 1061,
      "is_new": false
    },
    {
      "episodes_info": "",
      "rate": "9.2",
      "cover_x": 640,
      "title": "鬼灭之刃 那田蜘蛛山篇",
      "url": "https:\/\/movie.douban.com\/subject\/35231832\/",
      "playable": false,
      "cover": "https://img1.doubanio.com\/view\/photo\/s_ratio_poster\/public\/p2623518158.webp",
      "id": "35231832",
      "cover_y": 903,
      "is_new": false
    },
    {
      "episodes_info": "",
      "rate": "7.2",
      "cover_x": 700,
      "title": "消失的情人节",
      "url": "https:\/\/movie.douban.com\/subject\/35154957\/",
      "playable": false,
      "cover": "https://img3.doubanio.com\/view\/photo\/s_ratio_poster\/public\/p2618456760.webp",
      "id": "35154957",
      "cover_y": 1014,
      "is_new": false
    },
    {
      "episodes_info": "",
      "rate": "6.3",
      "cover_x": 714,
      "title": "除暴",
      "url": "https:\/\/movie.douban.com\/subject\/30373723\/",
      "playable": true,
      "cover": "https://img1.doubanio.com\/view\/photo\/s_ratio_poster\/public\/p2625777429.webp",
      "id": "30373723",
      "cover_y": 1000,
      "is_new": false
    },
    {
      "episodes_info": "",
      "rate": "6.6",
      "cover_x": 4370,
      "title": "熊出没·狂野大陆",
      "url": "https:\/\/movie.douban.com\/subject\/34825886\/",
      "playable": false,
      "cover": "https://img3.doubanio.com\/view\/photo\/s_ratio_poster\/public\/p2631708261.webp",
      "id": "34825886",
      "cover_y": 6201,
      "is_new": false
    },
    {
      "episodes_info": "",
      "rate": "8.0",
      "cover_x": 2000,
      "title": "狼行者",
      "url": "https:\/\/movie.douban.com\/subject\/26694926\/",
      "playable": false,
      "cover": "https://img3.doubanio.com\/view\/photo\/s_ratio_poster\/public\/p2622396801.webp",
      "id": "26694926",
      "cover_y": 3000,
      "is_new": false
    },
    {
      "episodes_info": "",
      "rate": "6.2",
      "cover_x": 4000,
      "title": "沐浴之王",
      "url": "https:\/\/movie.douban.com\/subject\/34894753\/",
      "playable": true,
      "cover": "https://img2.doubanio.com\/view\/photo\/s_ratio_poster\/public\/p2627788612.webp",
      "id": "34894753",
      "cover_y": 5600,
      "is_new": false
    },
    {
      "episodes_info": "",
      "rate": "6.9",
      "cover_x": 2740,
      "title": "85年盛夏",
      "url": "https:\/\/movie.douban.com\/subject\/33974174\/",
      "playable": false,
      "cover": "https://img9.doubanio.com\/view\/photo\/s_ratio_poster\/public\/p2609300674.webp",
      "id": "33974174",
      "cover_y": 3732,
      "is_new": false
    },
    {
      "episodes_info": "",
      "rate": "7.4",
      "cover_x": 1199,
      "title": "何塞",
      "url": "https:\/\/movie.douban.com\/subject\/35088888\/",
      "playable": false,
      "cover": "https://img9.doubanio.com\/view\/photo\/s_ratio_poster\/public\/p2621323275.webp",
      "id": "35088888",
      "cover_y": 1600,
      "is_new": false
    },
    {
      "episodes_info": "",
      "rate": "6.3",
      "cover_x": 1000,
      "title": "风平浪静",
      "url": "https:\/\/movie.douban.com\/subject\/27589933\/",
      "playable": true,
      "cover": "https://img2.doubanio.com\/view\/photo\/s_ratio_poster\/public\/p2626255103.webp",
      "id": "27589933",
      "cover_y": 1400,
      "is_new": false
    },
    {
      "episodes_info": "",
      "rate": "7.7",
      "cover_x": 1280,
      "title": "艾达，怎么了？",
      "url": "https:\/\/movie.douban.com\/subject\/34951210\/",
      "playable": false,
      "cover": "https://img2.doubanio.com\/view\/photo\/s_ratio_poster\/public\/p2621425792.webp",
      "id": "34951210",
      "cover_y": 1829,
      "is_new": true
    },
    {
      "episodes_info": "",
      "rate": "7.0",
      "cover_x": 812,
      "title": "骗骗爱上你",
      "url": "https:\/\/movie.douban.com\/subject\/35305634\/",
      "playable": false,
      "cover": "https://img1.doubanio.com\/view\/photo\/s_ratio_poster\/public\/p2629407129.webp",
      "id": "35305634",
      "cover_y": 1169,
      "is_new": false
    },
    {
      "episodes_info": "",
      "rate": "7.9",
      "cover_x": 1240,
      "title": "我是大哥大 电影版",
      "url": "https:\/\/movie.douban.com\/subject\/33400537\/",
      "playable": false,
      "cover": "https://img9.doubanio.com\/view\/photo\/s_ratio_poster\/public\/p2595471914.webp",
      "id": "33400537",
      "cover_y": 1754,
      "is_new": false
    },
    {
      "episodes_info": "",
      "rate": "5.1",
      "cover_x": 2446,
      "title": "晴雅集",
      "url": "https:\/\/movie.douban.com\/subject\/30284141\/",
      "playable": false,
      "cover": "https://img3.doubanio.com\/view\/photo\/s_ratio_poster\/public\/p2622484010.webp",
      "id": "30284141",
      "cover_y": 3676,
      "is_new": false
    },
    {
      "episodes_info": "",
      "rate": "8.6",
      "cover_x": 1063,
      "title": "进击的巨人：编年史",
      "url": "https:\/\/movie.douban.com\/subject\/35088569\/",
      "playable": false,
      "cover": "https://img1.doubanio.com\/view\/photo\/s_ratio_poster\/public\/p2606366038.webp",
      "id": "35088569",
      "cover_y": 1500,
      "is_new": false
    },
    {
      "episodes_info": "",
      "rate": "6.5",
      "cover_x": 1500,
      "title": "蓝调天后",
      "url": "https:\/\/movie.douban.com\/subject\/34439631\/",
      "playable": false,
      "cover": "https://img1.doubanio.com\/view\/photo\/s_ratio_poster\/public\/p2623338779.webp",
      "id": "34439631",
      "cover_y": 2222,
      "is_new": false
    },
    {
      "episodes_info": "",
      "rate": "5.9",
      "cover_x": 1500,
      "title": "有求必应日",
      "url": "https:\/\/movie.douban.com\/subject\/30242905\/",
      "playable": false,
      "cover": "https://img3.doubanio.com\/view\/photo\/s_ratio_poster\/public\/p2632772050.webp",
      "id": "30242905",
      "cover_y": 2222,
      "is_new": false
    },
    {
      "episodes_info": "",
      "rate": "6.8",
      "cover_x": 3000,
      "title": "姜子牙",
      "url": "https:\/\/movie.douban.com\/subject\/25907124\/",
      "playable": true,
      "cover": "https://img1.doubanio.com\/view\/photo\/s_ratio_poster\/public\/p2621219978.webp",
      "id": "25907124",
      "cover_y": 4367,
      "is_new": false
    },
    {
      "episodes_info": "",
      "rate": "7.6",
      "cover_x": 1500,
      "title": "乡下人的悲歌",
      "url": "https:\/\/movie.douban.com\/subject\/27016691\/",
      "playable": false,
      "cover": "https://img9.doubanio.com\/view\/photo\/s_ratio_poster\/public\/p2624443564.webp",
      "id": "27016691",
      "cover_y": 2222,
      "is_new": false
    },
    {
      "episodes_info": "",
      "rate": "7.6",
      "cover_x": 1000,
      "title": "穷途鼠的奶酪梦",
      "url": "https:\/\/movie.douban.com\/subject\/30443686\/",
      "playable": false,
      "cover": "https://img1.doubanio.com\/view\/photo\/s_ratio_poster\/public\/p2586418907.webp",
      "id": "30443686",
      "cover_y": 1410,
      "is_new": false
    },
    {
      "episodes_info": "",
      "rate": "6.5",
      "cover_x": 2362,
      "title": "金刚川",
      "url": "https:\/\/movie.douban.com\/subject\/35155748\/",
      "playable": true,
      "cover": "https://img1.doubanio.com\/view\/photo\/s_ratio_poster\/public\/p2623301908.webp",
      "id": "35155748",
      "cover_y": 3307,
      "is_new": false
    },
    {
      "episodes_info": "",
      "rate": "6.4",
      "cover_x": 1200,
      "title": "胜利号",
      "url": "https:\/\/movie.douban.com\/subject\/30428359\/",
      "playable": false,
      "cover": "https://img1.doubanio.com\/view\/photo\/s_ratio_poster\/public\/p2630539409.webp",
      "id": "30428359",
      "cover_y": 1777,
      "is_new": false
    },
    {
      "episodes_info": "",
      "rate": "6.9",
      "cover_x": 510,
      "title": "小确幸地图",
      "url": "https:\/\/movie.douban.com\/subject\/35294919\/",
      "playable": false,
      "cover": "https://img1.doubanio.com\/view\/photo\/s_ratio_poster\/public\/p2631549048.webp",
      "id": "35294919",
      "cover_y": 755,
      "is_new": false
    },
    {
      "episodes_info": "",
      "rate": "7.7",
      "cover_x": 1508,
      "title": "所言所行",
      "url": "https:\/\/movie.douban.com\/subject\/34964138\/",
      "playable": false,
      "cover": "https://img1.doubanio.com\/view\/photo\/s_ratio_poster\/public\/p2634036698.webp",
      "id": "34964138",
      "cover_y": 2048,
      "is_new": false
    },
    {
      "episodes_info": "",
      "rate": "7.3",
      "cover_x": 680,
      "title": "行骗天下JP：公主篇",
      "url": "https:\/\/movie.douban.com\/subject\/33476040\/",
      "playable": false,
      "cover": "https://img1.doubanio.com\/view\/photo\/s_ratio_poster\/public\/p2610002857.webp",
      "id": "33476040",
      "cover_y": 962,
      "is_new": false
    },
    {
      "episodes_info": "",
      "rate": "7.8",
      "cover_x": 1403,
      "title": "担保",
      "url": "https:\/\/movie.douban.com\/subject\/30475125\/",
      "playable": false,
      "cover": "https://img9.doubanio.com\/view\/photo\/s_ratio_poster\/public\/p2616180034.webp",
      "id": "30475125",
      "cover_y": 2000,
      "is_new": false
    },
    {
      "episodes_info": "",
      "rate": "5.7",
      "cover_x": 1037,
      "title": "致命弯道",
      "url": "https:\/\/movie.douban.com\/subject\/30352897\/",
      "playable": false,
      "cover": "https://img9.doubanio.com\/view\/photo\/s_ratio_poster\/public\/p2628525496.webp",
      "id": "30352897",
      "cover_y": 1536,
      "is_new": false
    },
    {
      "episodes_info": "",
      "rate": "7.2",
      "cover_x": 2025,
      "title": "波拉特2",
      "url": "https:\/\/movie.douban.com\/subject\/4135439\/",
      "playable": false,
      "cover": "https://img2.doubanio.com\/view\/photo\/s_ratio_poster\/public\/p2621751023.webp",
      "id": "4135439",
      "cover_y": 3000,
      "is_new": false
    },
    {
      "episodes_info": "",
      "rate": "7.0",
      "cover_x": 1215,
      "title": "血腥地狱",
      "url": "https:\/\/movie.douban.com\/subject\/35198986\/",
      "playable": false,
      "cover": "https://img9.doubanio.com\/view\/photo\/s_ratio_poster\/public\/p2630884254.webp",
      "id": "35198986",
      "cover_y": 1800,
      "is_new": false
    },
    {
      "episodes_info": "",
      "rate": "7.1",
      "cover_x": 640,
      "title": "马尔科姆与玛丽",
      "url": "https:\/\/movie.douban.com\/subject\/35135958\/",
      "playable": false,
      "cover": "https://img1.doubanio.com\/view\/photo\/s_ratio_poster\/public\/p2632596629.webp",
      "id": "35135958",
      "cover_y": 905,
      "is_new": false
    },
    {
      "episodes_info": "",
      "rate": "7.2",
      "cover_x": 1400,
      "title": "从邪恶中拯救我",
      "url": "https:\/\/movie.douban.com\/subject\/30425219\/",
      "playable": false,
      "cover": "https://img1.doubanio.com\/view\/photo\/s_ratio_poster\/public\/p2612814747.webp",
      "id": "30425219",
      "cover_y": 1998,
      "is_new": false
    },
    {
      "episodes_info": "",
      "rate": "8.7",
      "cover_x": 640,
      "title": "蜡笔小新：激战！涂鸦王国和约四位勇士",
      "url": "https:\/\/movie.douban.com\/subject\/34811098\/",
      "playable": false,
      "cover": "https://img3.doubanio.com\/view\/photo\/s_ratio_poster\/public\/p2615830700.webp",
      "id": "34811098",
      "cover_y": 905,
      "is_new": false
    },
    {
      "episodes_info": "",
      "rate": "7.2",
      "cover_x": 2000,
      "title": "爱与怪物",
      "url": "https:\/\/movie.douban.com\/subject\/21349338\/",
      "playable": false,
      "cover": "https://img9.doubanio.com\/view\/photo\/s_ratio_poster\/public\/p2622904695.webp",
      "id": "21349338",
      "cover_y": 3000,
      "is_new": false
    },
    {
      "episodes_info": "",
      "rate": "7.1",
      "cover_x": 720,
      "title": "晨曦将至",
      "url": "https:\/\/movie.douban.com\/subject\/33427533\/",
      "playable": false,
      "cover": "https://img1.doubanio.com\/view\/photo\/s_ratio_poster\/public\/p2588296209.webp",
      "id": "33427533",
      "cover_y": 985,
      "is_new": false
    },
    {
      "episodes_info": "",
      "rate": "8.0",
      "cover_x": 1382,
      "title": "灰猎犬号",
      "url": "https:\/\/movie.douban.com\/subject\/26871906\/",
      "playable": false,
      "cover": "https://img9.doubanio.com\/view\/photo\/s_ratio_poster\/public\/p2591289975.webp",
      "id": "26871906",
      "cover_y": 2048,
      "is_new": false
    },
    {
      "episodes_info": "",
      "rate": "6.7",
      "cover_x": 640,
      "title": "名侦探柯南：绯色的不在场证明",
      "url": "https:\/\/movie.douban.com\/subject\/35335784\/",
      "playable": true,
      "cover": "https://img3.doubanio.com\/view\/photo\/s_ratio_poster\/public\/p2631088441.webp",
      "id": "35335784",
      "cover_y": 905,
      "is_new": false
    },
    {
      "episodes_info": "",
      "rate": "5.5",
      "cover_x": 679,
      "title": "威利的游乐园",
      "url": "https:\/\/movie.douban.com\/subject\/34874527\/",
      "playable": false,
      "cover": "https://img9.doubanio.com\/view\/photo\/s_ratio_poster\/public\/p2620868926.webp",
      "id": "34874527",
      "cover_y": 999,
      "is_new": false
    },
    {
      "episodes_info": "",
      "rate": "8.8",
      "cover_x": 1200,
      "title": "命运之夜——天之杯Ⅲ：春之歌",
      "url": "https:\/\/movie.douban.com\/subject\/26759820\/",
      "playable": false,
      "cover": "https://img1.doubanio.com\/view\/photo\/s_ratio_poster\/public\/p2586167249.webp",
      "id": "26759820",
      "cover_y": 1714,
      "is_new": false
    },
    {
      "episodes_info": "",
      "rate": "7.9",
      "cover_x": 750,
      "title": "剧场",
      "url": "https:\/\/movie.douban.com\/subject\/33446524\/",
      "playable": false,
      "cover": "https://img1.doubanio.com\/view\/photo\/s_ratio_poster\/public\/p2610788779.webp",
      "id": "33446524",
      "cover_y": 1061,
      "is_new": false
    },
    {
      "episodes_info": "",
      "rate": "6.7",
      "cover_x": 2757,
      "title": "逃跑",
      "url": "https:\/\/movie.douban.com\/subject\/30243396\/",
      "playable": false,
      "cover": "https://img2.doubanio.com\/view\/photo\/s_ratio_poster\/public\/p2587085523.webp",
      "id": "30243396",
      "cover_y": 4096,
      "is_new": false
    },
    {
      "episodes_info": "",
      "rate": "5.9",
      "cover_x": 691,
      "title": "美国诉比莉·哈乐黛",
      "url": "https:\/\/movie.douban.com\/subject\/30242044\/",
      "playable": false,
      "cover": "https://img1.doubanio.com\/view\/photo\/s_ratio_poster\/public\/p2630413627.webp",
      "id": "30242044",
      "cover_y": 1024,
      "is_new": true
    },
    {
      "episodes_info": "",
      "rate": "7.2",
      "cover_x": 1500,
      "title": "2020去死",
      "url": "https:\/\/movie.douban.com\/subject\/35275115\/",
      "playable": false,
      "cover": "https://img9.doubanio.com\/view\/photo\/s_ratio_poster\/public\/p2628834126.webp",
      "id": "35275115",
      "cover_y": 2222,
      "is_new": false
    },
    {
      "episodes_info": "",
      "rate": "6.5",
      "cover_x": 2764,
      "title": "蛛丝马迹",
      "url": "https:\/\/movie.douban.com\/subject\/30489388\/",
      "playable": false,
      "cover": "https://img1.doubanio.com\/view\/photo\/s_ratio_poster\/public\/p2628906317.webp",
      "id": "30489388",
      "cover_y": 4096,
      "is_new": false
    },
    {
      "episodes_info": "",
      "rate": "6.1",
      "cover_x": 1365,
      "title": "砍人快乐",
      "url": "https:\/\/movie.douban.com\/subject\/34954336\/",
      "playable": false,
      "cover": "https://img1.doubanio.com\/view\/photo\/s_ratio_poster\/public\/p2627618398.webp",
      "id": "34954336",
      "cover_y": 2048,
      "is_new": false
    },
    {
      "episodes_info": "",
      "rate": "7.6",
      "cover_x": 620,
      "title": "帕尔默",
      "url": "https:\/\/movie.douban.com\/subject\/34816495\/",
      "playable": false,
      "cover": "https://img1.doubanio.com\/view\/photo\/s_ratio_poster\/public\/p2628557937.webp",
      "id": "34816495",
      "cover_y": 930,
      "is_new": false
    },
    {
      "episodes_info": "",
      "rate": "5.7",
      "cover_x": 540,
      "title": "新年前夜",
      "url": "https:\/\/movie.douban.com\/subject\/34617219\/",
      "playable": false,
      "cover": "https://img1.doubanio.com\/view\/photo\/s_ratio_poster\/public\/p2626684967.webp",
      "id": "34617219",
      "cover_y": 772,
      "is_new": true
    },
    {
      "episodes_info": "",
      "rate": "8.5",
      "cover_x": 1810,
      "title": "哆啦A梦：伴我同行2",
      "url": "https:\/\/movie.douban.com\/subject\/34913671\/",
      "playable": false,
      "cover": "https://img1.doubanio.com\/view\/photo\/s_ratio_poster\/public\/p2622210998.webp",
      "id": "34913671",
      "cover_y": 2560,
      "is_new": false
    }
  ]
}